Місяць,Хліб,Крупи,Мʼясо свійських тварин та птиці,Макарони,Картопля,Ковбасні вироби,"Молоко пастеризоване жирністю до 2,6% включно",Молочні продукти,Овочі,Олія соняшникова,Риба,Сир,Цукор,Яблука,Яйця,basket_price,salary,unemployed,надходження,CPI,Year,covid,war,time,month_2,month_3,month_4,month_5,month_6,month_7,month_8,month_9,month_10,month_11,month_12,detrended,deseasonalized,deseasonalized_diff
2017-01-01,12.07,16.22,70.34,13.76,5.58,55.8,17.93,35.96,4.38,32.97,65.43,75.77,17.09,12.15,22.02,962.6,66.64376849261134,-12.249412736000238,-2776.610117672586,100.0,2017,0,0,0,False,False,False,False,False,False,False,False,False,False,False,,,
2017-02-01,12.48,16.39,72.36,13.89,6.11,56.44,18.58,37.18,4.53,33.3,65.93,77.69,17.61,12.43,18.33,983.47,80.08328542635354,-11.5077467601281,12191.48526103636,102.16808643257845,2017,0,0,1,True,False,False,False,False,False,False,False,False,False,False,20.870000000000005,,
2017-03-01,12.74,16.49,73.33,14.02,6.25,56.88,19.04,37.99,4.46,33.44,66.21,79.2,18.27,12.67,16.97,996.71,24.968031250187778,-11.218524977421794,-5677.114059224434,103.54352794514855,2017,0,0,2,False,True,False,False,False,False,False,False,False,False,False,13.240000000000009,,
2017-04-01,12.85,16.41,75.25,14.12,6.71,57.7,19.26,38.18,5.63,33.74,66.61,79.34,18.48,13.63,13.9,1012.02,-34.32622480498321,8.797197897693763,-4069.736441523404,105.13401205069603,2017,0,0,3,False,False,True,False,False,False,False,False,False,False,False,15.309999999999945,,
2017-05-01,12.95,16.14,77.62,14.2,8.36,58.02,19.35,38.34,9.12,33.74,67.21,78.85,18.54,17.46,12.06,1050.12,-82.61574760212261,12.157513977325323,-2226.534307434704,109.09204238520671,2017,0,0,4,False,False,False,True,False,False,False,False,False,False,False,38.09999999999991,,
2017-06-01,13.07,16.01,81.34,14.14,11.12,59.7,19.29,38.25,12.62,33.75,66.32,78.86,18.58,22.91,14.09,1110.99,-64.47990132679661,15.084263174503292,1283.2032774334439,115.41554124246831,2017,0,0,5,False,False,False,False,True,False,False,False,False,False,False,60.87000000000012,,
2017-07-01,13.17,15.87,86.22,14.17,8.99,62.38,19.4,38.52,11.83,33.64,66.05,78.77,18.45,23.44,12.85,1110.98,-8.783317129513307,8.354433666991554,-3435.0375744004414,115.41450238936216,2017,0,0,6,False,False,False,False,False,True,False,False,False,False,False,-0.009999999999990905,,
2017-08-01,13.35,15.92,89.14,14.14,7.44,64.07,19.61,38.96,7.79,33.67,65.34,80.1,18.5,18.8,15.12,1097.29,-92.48364714790932,11.184456341031307,4909.195400689314,113.99231248701433,2017,0,0,7,False,False,False,False,False,False,True,False,False,False,False,-13.690000000000055,,
2017-09-01,13.54,16.02,92.36,14.26,6.76,67.81,19.95,39.66,6.76,33.69,64.73,81.63,18.43,16.42,19.78,1113.69,18.416045512913115,14.383875842300085,605.6599751840404,115.69603158113443,2017,0,0,8,False,False,False,False,False,False,False,True,False,False,False,16.40000000000009,,
2017-10-01,13.82,16.07,92.73,14.3,6.19,72.02,20.7,40.89,5.97,33.64,65.15,84.45,17.43,16.0,22.72,1128.73,-40.955921232779474,-18.274603888138813,-175.37646725429659,117.2584666528153,2017,0,0,9,False,False,False,False,False,False,False,False,True,False,False,15.039999999999964,,
2017-11-01,14.13,16.26,91.43,14.31,5.95,74.38,21.27,42.16,5.56,33.97,65.56,87.17,16.4,16.43,25.24,1139.96,-51.53010306332453,-14.739820892369778,-1411.0942152401985,118.4250986910451,2017,0,0,10,False,False,False,False,False,False,False,False,False,True,False,11.230000000000018,,
2017-12-01,14.42,16.37,91.79,14.43,6.0,75.65,21.77,43.18,5.7,34.18,65.93,89.86,15.78,16.76,27.0,1157.79,181.78024771217224,-10.388441831836985,-2527.118669473275,120.2773737793476,2017,0,0,11,False,False,False,False,False,False,False,False,False,False,True,17.829999999999927,,
2018-01-01,14.69,16.48,93.43,14.91,6.43,77.38,22.01,43.54,6.24,34.18,66.49,89.66,15.62,17.47,27.95,1178.65,28.305466421109486,6.6896361377888525,14894.637211308756,122.44442135881988,2018,0,0,12,False,False,False,False,False,False,False,False,False,False,False,20.860000000000127,216.05000000000007,
2018-02-01,14.92,16.48,92.99,15.04,6.89,77.74,21.95,43.84,6.9,34.43,67.59,90.93,15.47,18.17,27.5,1187.53,23.72730642929764,9.537095096671749,-21721.686447207474,123.36692291709952,2018,0,0,13,True,False,False,False,False,False,False,False,False,False,False,8.879999999999882,204.05999999999995,-11.990000000000123
2018-03-01,15.15,16.43,94.03,15.11,7.58,78.47,22.13,44.35,8.89,34.48,68.51,91.49,15.31,19.68,27.29,1211.35,-39.32956920848028,11.481432475921793,6231.068034174306,125.84147101599832,2018,0,0,14,False,True,False,False,False,False,False,False,False,False,False,23.819999999999936,214.63999999999987,10.579999999999927
2018-04-01,15.35,16.33,96.78,15.27,7.83,78.41,22.03,44.47,10.39,34.58,68.99,91.07,15.15,21.23,26.65,1229.84,93.69618410792191,-23.506464266121725,4798.192572832762,127.76231040930813,2018,0,0,15,False,False,True,False,False,False,False,False,False,False,False,18.49000000000001,217.81999999999994,3.1800000000000637
2018-05-01,15.42,16.18,96.07,15.36,7.54,78.04,22.13,44.53,11.3,34.39,69.58,89.86,14.83,21.86,24.17,1224.31,99.79579771139652,-22.51535694564768,4234.0519284104885,127.18782464159565,2018,0,0,16,False,False,False,True,False,False,False,False,False,False,False,-5.529999999999973,174.19000000000005,-43.62999999999988
2018-06-01,15.48,16.24,95.83,15.37,8.73,77.3,22.02,44.26,14.46,34.44,69.76,88.82,14.67,21.17,21.8,1235.19,36.304108846400595,-22.200111016741232,-7187.478323267649,128.31809682110952,2018,0,0,17,False,False,False,False,True,False,False,False,False,False,False,10.88000000000011,124.20000000000005,-49.99000000000001
2018-07-01,15.64,16.54,96.13,15.5,7.95,77.96,21.9,44.1,12.93,34.41,70.32,88.43,14.92,19.11,20.11,1220.12,-47.97721157381966,-11.266416431690061,646.3939714863664,126.7525451901101,2018,0,0,18,False,False,False,False,False,True,False,False,False,False,False,-15.070000000000164,109.13999999999987,-15.060000000000173
2018-08-01,15.76,16.74,97.6,15.55,7.56,78.16,21.99,44.16,9.48,34.48,70.31,88.79,14.9,14.07,21.3,1206.43,110.82530192091144,-10.971308527064082,2623.3733005195827,125.3303552877623,2018,0,0,19,False,False,False,False,False,False,True,False,False,False,False,-13.689999999999827,109.1400000000001,2.2737367544323206e-13
2018-09-01,16.24,17.22,101.45,16.1,6.86,79.93,22.36,44.88,8.58,34.59,70.67,90.31,14.83,11.24,24.27,1224.55,-35.158001932248226,-10.191487649904104,-2046.3550863539058,127.21275711614378,2018,0,0,20,False,False,False,False,False,False,False,True,False,False,False,18.11999999999989,110.8599999999999,1.7199999999998
2018-10-01,16.71,17.62,101.97,16.59,6.52,82.32,22.85,45.76,9.36,34.83,71.45,92.75,14.49,10.19,24.93,1241.27,-44.81924936031919,17.83156508241791,2357.232818896504,128.94971950966132,2018,0,0,21,False,False,False,False,False,False,False,False,True,False,False,16.720000000000027,112.53999999999996,1.6800000000000637
2018-11-01,17.26,17.82,101.29,16.93,6.76,83.96,23.39,46.83,9.82,34.98,72.9,95.24,14.24,9.43,24.81,1257.1,65.55400390603609,18.786982420657296,2466.46658733426,130.5942239767297,2018,0,0,22,False,False,False,False,False,False,False,False,False,True,False,15.829999999999927,117.13999999999987,4.599999999999909
2018-12-01,17.51,17.93,101.47,17.34,7.99,84.76,23.73,47.79,12.14,35.0,73.35,97.75,14.09,9.21,24.56,1284.15,-145.80434830340528,19.368130185645384,-4132.295570441587,133.40432162892168,2018,0,0,23,False,False,False,False,False,False,False,False,False,False,True,27.050000000000182,126.36000000000013,9.220000000000255
2019-01-01,17.84,18.17,102.34,17.61,9.33,85.19,23.87,48.66,13.71,35.12,74.4,98.81,14.02,9.47,24.77,1311.51,-168.92749749967516,14.951518930162365,-12794.129824540367,136.24662372740494,2019,0,0,24,False,False,False,False,False,False,False,False,False,False,False,27.3599999999999,132.8599999999999,6.499999999999773
2019-02-01,18.05,18.61,100.94,17.82,10.09,85.52,24.13,48.99,14.5,35.07,75.58,99.67,14.13,9.43,23.9,1321.89,-180.0610444391914,14.459363984555864,6379.242220004533,137.32495325161022,2019,0,0,25,True,False,False,False,False,False,False,False,False,False,False,10.38000000000011,134.36000000000013,1.5000000000002274
2019-03-01,18.22,19.01,100.54,18.0,10.16,85.35,24.18,49.23,14.94,34.98,76.67,100.15,14.16,9.48,22.7,1325.04,-0.2026639073555998,14.6045175725381,2432.9605607838166,137.652191980054,2019,0,0,26,False,True,False,False,False,False,False,False,False,False,False,3.1499999999998636,113.69000000000005,-20.670000000000073
2019-04-01,18.39,19.86,102.16,18.19,10.73,85.55,24.32,49.68,19.13,34.95,77.26,100.86,14.08,9.49,20.2,1351.45,12.928029076852908,-28.467165501886313,3401.4873906211287,140.39580303345107,2019,0,0,27,False,False,True,False,False,False,False,False,False,False,False,26.410000000000082,121.61000000000013,7.920000000000073
2019-05-01,18.68,20.21,103.9,18.25,14.07,84.4,24.25,49.72,22.81,34.93,77.77,99.96,14.25,11.12,17.0,1394.55,143.91376343143202,-30.655164709450787,2254.806528864734,144.87325992104715,2019,0,0,28,False,False,False,True,False,False,False,False,False,False,False,43.09999999999991,170.24,48.62999999999988
2019-06-01,19.14,20.4,103.96,18.27,17.26,84.34,24.15,49.56,17.19,34.99,78.24,99.4,15.17,14.91,12.47,1404.77,118.31046578141286,-32.493178091406094,-2745.109204075299,145.93496779555372,2019,0,0,29,False,False,False,False,True,False,False,False,False,False,False,10.220000000000027,169.57999999999993,-0.6600000000000819
2019-07-01,19.29,20.33,104.99,18.31,15.3,84.6,24.23,49.62,12.21,34.9,78.72,99.71,15.6,16.92,14.35,1387.37,269.54348011163165,-16.168103080031017,8474.72707866376,144.12736339081653,2019,0,0,30,False,False,False,False,False,True,False,False,False,False,False,-17.40000000000009,167.25,-2.3299999999999272
2019-08-01,19.27,20.23,105.93,18.24,15.02,85.1,24.43,49.58,9.2,34.96,79.01,99.61,15.3,17.32,19.89,1390.99,160.91362986731656,-20.751431517734602,-11996.310458842905,144.50342821525035,2019,0,0,31,False,False,False,False,False,False,True,False,False,False,False,3.6200000000001182,184.55999999999995,17.309999999999945
2019-09-01,19.24,20.41,106.33,18.29,14.63,85.46,24.73,50.58,8.09,34.97,79.47,101.5,15.21,16.97,18.7,1389.32,69.15483155998481,-28.14360033607136,6152.955703921427,144.32993974651984,2019,0,0,32,False,False,False,False,False,False,False,True,False,False,False,-1.6700000000000728,164.76999999999998,-19.789999999999964
2019-10-01,19.28,20.81,106.12,18.29,15.29,85.69,25.14,51.17,7.78,34.84,79.32,103.17,14.85,16.5,20.45,1402.15,180.20058140806577,-0.41499040314482727,-1593.4991145057647,145.66278828173697,2019,0,0,33,False,False,False,False,False,False,False,False,True,False,False,12.830000000000155,160.8800000000001,-3.8899999999998727
2019-11-01,19.46,20.62,104.11,18.14,14.14,86.4,25.22,51.6,7.32,34.72,78.83,104.7,14.49,16.26,20.93,1388.14,149.21567063456314,-12.34547440443157,502.29289752047043,144.2073550799917,2019,0,0,34,False,False,False,False,False,False,False,False,False,True,False,-14.009999999999991,131.0400000000002,-29.839999999999918
2019-12-01,19.52,20.15,103.28,18.31,13.52,87.56,25.31,52.31,6.98,34.44,78.32,105.7,14.3,16.34,21.07,1381.21,-267.2442905847256,-26.15284667268645,3262.0844781161286,143.48742987741534,2019,0,0,35,False,False,False,False,False,False,False,False,False,False,True,-6.930000000000064,97.05999999999995,-33.980000000000246
2020-01-01,19.58,19.65,102.87,18.09,13.13,87.38,24.91,51.94,6.88,34.35,77.99,106.86,14.02,16.62,20.66,1371.16,3.923602793525788,-34.91455968073137,-10013.918489054304,142.44338250571369,2020,0,0,36,False,False,False,False,False,False,False,False,False,False,False,-10.049999999999955,59.65000000000009,-37.409999999999854
2020-02-01,19.63,19.53,100.59,18.15,12.8,88.14,24.99,51.93,6.88,34.31,78.2,107.26,14.14,16.79,17.07,1356.87,-17.5961416899936,-48.79557862532852,6642.445376096497,140.95886141699563,2020,0,0,37,True,False,False,False,False,False,False,False,False,False,False,-14.290000000000191,34.97999999999979,-24.6700000000003
2020-03-01,19.7,20.0,100.24,18.45,12.89,87.93,25.0,52.29,7.42,34.29,78.38,107.38,14.55,17.3,14.98,1358.42,3.2950130987028388,-59.50035389169574,-431.9343042700639,141.11988364845212,2020,1,0,38,False,True,False,False,False,False,False,False,False,False,False,1.550000000000182,33.38000000000011,-1.5999999999996817
2020-04-01,19.79,21.2,100.84,18.84,14.75,87.5,25.01,52.54,9.69,34.4,79.1,107.41,15.25,19.25,16.34,1394.86,-315.0060573235769,95.23214292598573,-6168.068591611125,144.90546436733845,2020,1,0,39,False,False,True,False,False,False,False,False,False,False,False,36.43999999999983,43.409999999999854,10.029999999999745
2020-05-01,19.85,21.54,98.04,18.99,15.27,87.34,25.09,52.34,9.53,34.14,79.96,107.62,15.14,25.68,19.06,1408.67,-361.58036980064935,80.74946148264041,-12420.516427053226,146.34012050696032,2020,1,0,40,False,False,False,True,False,False,False,False,False,False,False,13.810000000000173,14.120000000000118,-29.289999999999736
2020-06-01,19.97,21.48,98.75,19.18,16.06,87.34,24.95,52.56,10.16,34.31,80.19,106.72,14.94,34.71,19.1,1435.38,-128.2280230784745,69.42800255817093,31448.787291763147,149.1148971535425,2020,1,0,41,False,False,False,False,True,False,False,False,False,False,False,26.710000000000036,30.610000000000127,16.49000000000001
2020-07-01,20.03,21.33,99.16,19.26,12.67,86.64,24.91,52.61,8.78,34.31,80.21,106.3,14.79,38.06,16.22,1405.45,-406.26677528985783,23.836431700523406,-5529.805033186567,146.00560980677332,2020,1,0,42,False,False,False,False,False,True,False,False,False,False,False,-29.930000000000064,18.080000000000155,-12.529999999999973
2020-08-01,20.02,21.18,100.42,19.11,10.02,86.38,24.83,52.63,7.23,34.62,80.1,106.31,14.71,28.96,16.79,1366.01,-318.499508808296,19.15682217908926,-7187.582328372715,141.90837315603574,2020,1,0,43,False,False,False,False,False,False,True,False,False,False,False,-39.440000000000055,-24.980000000000018,-43.06000000000017
2020-09-01,20.22,21.02,100.9,19.08,9.08,87.42,25.0,52.83,6.34,35.1,80.73,106.45,14.94,22.31,17.99,1352.21,-93.75507679821749,17.812256595370172,-8697.12993652816,140.47475586952004,2020,1,0,44,False,False,False,False,False,False,False,True,False,False,False,-13.799999999999955,-37.1099999999999,-12.129999999999882
2020-10-01,20.51,20.92,101.71,19.18,8.96,88.92,25.19,53.12,5.86,37.53,80.31,108.25,18.3,19.46,22.19,1368.93,-36.84910232513175,13.23645289568168,-4299.477381948542,142.2117182630376,2020,1,0,45,False,False,False,False,False,False,False,False,True,False,False,16.720000000000027,-33.22000000000003,3.8899999999998727
2020-11-01,20.98,21.2,101.89,19.6,9.23,90.82,25.39,53.76,5.36,40.11,80.97,110.26,19.7,18.17,23.71,1386.23,-370.53028226549577,20.67019900123529,-6836.00549172156,144.00893413671307,2020,1,0,46,False,False,False,False,False,False,False,False,False,True,False,17.299999999999955,-1.9100000000000819,31.309999999999945
2020-12-01,21.24,21.55,102.09,20.17,10.15,91.43,25.6,54.14,5.32,42.07,80.97,111.46,20.9,18.21,27.48,1411.85,236.42829942454227,30.550112922487187,26350.20701908502,146.67047579472262,2020,1,0,47,False,False,False,False,False,False,False,False,False,False,True,25.61999999999989,30.639999999999873,32.549999999999955
2021-01-01,21.89,21.87,104.01,20.79,11.14,93.22,25.41,54.3,5.82,44.04,81.96,113.92,21.89,19.08,32.31,1451.25,-153.00731834046746,27.67392308254938,-14724.629192015505,150.7635570330355,2021,1,0,48,False,False,False,False,False,False,False,False,False,False,False,39.40000000000009,80.08999999999992,49.450000000000045
2021-02-01,22.45,22.46,106.7,21.22,11.87,94.4,25.83,55.32,6.74,47.55,83.05,114.18,23.13,19.76,32.26,1488.96,-172.44859523647028,40.416261367867776,4513.078701096572,154.68107209640556,2021,1,0,49,True,False,False,False,False,False,False,False,False,False,False,37.710000000000036,132.09000000000015,52.00000000000023
2021-03-01,23.16,23.34,110.2,22.88,12.17,94.99,25.96,55.97,7.17,52.58,83.07,115.73,24.38,20.39,32.02,1524.62,241.74499826085594,59.01000294092262,5734.998507092052,158.3856222730106,2021,1,0,50,False,True,False,False,False,False,False,False,False,False,False,35.659999999999854,166.19999999999982,34.10999999999967
2021-04-01,23.4,23.77,111.82,23.25,11.92,95.5,25.99,56.53,7.11,58.05,82.36,116.95,25.63,20.66,31.8,1539.7,664.3504358673781,-41.96454734562707,1999.2400000435737,159.95221275711614,2021,0,0,51,False,False,True,False,False,False,False,False,False,False,False,15.080000000000155,144.84000000000015,-21.359999999999673
2021-05-01,23.62,23.87,113.78,23.11,11.96,96.96,26.44,57.24,9.93,62.57,83.34,116.52,25.75,20.94,26.24,1559.25,368.9282515647974,-39.40531041466505,12895.280341029851,161.98317057968003,2021,0,0,52,False,False,False,True,False,False,False,False,False,False,False,19.549999999999955,150.57999999999993,5.739999999999782
2021-06-01,23.66,23.8,114.22,23.15,13.3,96.78,26.42,57.48,12.91,64.95,84.27,116.61,25.92,21.14,22.09,1576.97,267.26090020446645,-32.14306293053136,-20933.469188889096,163.82401828381467,2021,0,0,53,False,False,False,False,True,False,False,False,False,False,False,17.720000000000027,141.58999999999992,-8.990000000000009
2021-07-01,23.77,23.83,115.54,23.19,11.79,98.1,26.5,58.19,12.9,64.73,84.06,117.04,27.63,21.42,22.13,1576.45,58.02184759294505,-38.33691832667125,3281.6450922085496,163.76999792229378,2021,0,0,54,False,False,False,False,False,True,False,False,False,False,False,-0.5199999999999818,171.0,29.410000000000082
2021-08-01,23.9,23.73,117.11,23.19,8.66,97.94,26.62,58.89,9.2,64.33,84.87,117.22,28.7,20.13,26.29,1554.74,-24.100291796728925,-27.454169308918097,9650.0595439998,161.514647828797,2021,0,0,55,False,False,False,False,False,False,True,False,False,False,False,-21.710000000000036,188.73000000000002,17.730000000000018
2021-09-01,24.33,23.89,120.75,23.15,8.32,99.77,27.2,59.98,8.25,63.71,85.78,119.18,28.69,17.67,29.98,1578.05,-42.06821560984827,-18.02646777046357,-10658.675116109473,163.9362144192811,2021,0,0,56,False,False,False,False,False,False,False,True,False,False,False,23.309999999999945,225.83999999999992,37.1099999999999
2021-10-01,24.98,24.23,122.5,23.3,8.69,102.9,27.63,61.04,8.8,62.69,86.25,120.22,27.8,14.84,30.3,1597.46,76.19612703247549,-16.845172302504466,-149.26769922177482,165.9526282983586,2021,0,0,57,False,False,False,False,False,False,False,False,True,False,False,19.410000000000082,228.52999999999997,2.6900000000000546
2021-11-01,25.61,25.16,122.91,23.89,8.61,106.26,27.96,62.18,9.67,62.32,87.49,124.25,28.2,13.09,30.63,1619.27,298.583403913628,-8.854785233232462,24160.37848730445,168.21836692291708,2021,0,0,58,False,False,False,False,False,False,False,False,False,True,False,21.809999999999945,233.03999999999996,4.509999999999991
2021-12-01,26.18,25.78,123.63,24.36,8.76,109.78,28.55,62.35,11.76,61.43,87.86,125.98,27.52,12.31,33.79,1650.49,528.6404462053033,-5.085052873937627,-34017.41088738712,171.46166632038228,2021,0,0,59,False,False,False,False,False,False,False,False,False,False,True,31.220000000000027,238.6400000000001,5.600000000000136
2022-01-01,27.14,26.18,128.93,24.95,9.29,114.57,28.93,63.64,15.02,61.05,103.7,133.6,27.11,12.78,35.46,1727.4,924.7804272983085,14.722207061967538,24735.33051020399,179.45148555994183,2022,0,0,60,False,False,False,False,False,False,False,False,False,False,False,76.91000000000008,276.1500000000001,37.50999999999999
2022-02-01,28.2,26.87,132.32,25.16,9.54,116.4,29.37,65.56,17.04,61.61,105.83,139.55,26.99,12.87,33.44,1770.88,967.3352289807317,13.595764532142766,8603.07772080251,183.96841886557243,2022,0,0,61,True,False,False,False,False,False,False,False,False,False,False,43.48000000000002,281.9200000000001,5.769999999999982
2022-03-01,29.23,29.44,138.97,26.85,11.7,123.62,30.53,68.58,21.18,65.49,114.47,144.6,28.9,14.28,34.26,1884.56,-101.58366299785666,-7.264789918881206,-4380.37886985208,195.7781009765219,2022,0,1,62,False,True,False,False,False,False,False,False,False,False,False,113.67999999999984,359.94000000000005,78.01999999999998
2022-04-01,29.56,34.33,137.64,30.13,10.23,125.54,31.46,70.57,20.67,67.37,123.17,147.35,29.04,14.14,24.8,1892.63,-926.2492266754434,-7.475197385883803,-22915.977819101143,196.61645543320174,2022,0,1,63,False,False,True,False,False,False,False,False,False,False,False,8.070000000000164,352.93000000000006,-7.009999999999991
2022-05-01,30.02,37.85,136.66,31.05,9.64,125.74,31.92,71.6,24.44,67.78,128.74,147.48,28.53,13.88,19.39,1911.53,-652.089962205986,17.869505185638275,-10086.304027845821,198.57988780386452,2022,0,1,64,False,False,False,True,False,False,False,False,False,False,False,18.899999999999864,352.28,-0.650000000000091
2022-06-01,30.75,41.36,139.34,32.34,12.24,129.56,32.29,72.48,31.3,69.23,130.6,146.76,31.89,14.49,22.72,2002.87,-662.9841880909171,27.195700332001877,-9946.56521619999,208.06877207562852,2022,0,1,65,False,False,False,False,True,False,False,False,False,False,False,91.33999999999992,425.89999999999986,73.61999999999989
2022-07-01,31.18,44.05,139.85,32.55,18.93,131.22,32.61,72.6,32.06,69.87,133.09,147.15,32.17,15.09,24.7,2084.21,345.5619407802624,41.17050328525437,-10448.388950754408,216.5188032412217,2022,0,1,66,False,False,False,False,False,True,False,False,False,False,False,81.34000000000015,507.76,81.86000000000013
2022-08-01,31.32,44.8,142.96,32.35,13.56,137.32,32.4,73.6,27.5,69.82,139.09,147.4,34.17,17.11,28.53,2064.73,187.9418649026902,34.187700306521066,34584.10808452121,214.49511739040102,2022,0,1,67,False,False,False,False,False,False,True,False,False,False,False,-19.480000000000018,509.99,2.230000000000018
2022-09-01,31.45,43.73,146.32,32.5,10.84,148.09,32.9,74.76,21.13,69.85,144.14,148.12,35.56,18.32,35.08,2069.04,202.79194376417217,28.748959657325116,9027.110570216217,214.9428630791606,2022,0,1,68,False,False,False,False,False,False,False,True,False,False,False,4.309999999999945,490.99,-19.0
2022-10-01,31.94,42.22,149.92,32.36,9.91,159.58,33.27,76.22,20.96,69.95,150.0,151.76,36.08,16.49,57.01,2134.06,-291.5499995949813,14.338292736782961,10583.853931429636,221.69748597548303,2022,0,1,69,False,False,False,False,False,False,False,False,True,False,False,65.01999999999998,536.5999999999999,45.6099999999999
2022-11-01,32.1,41.21,145.93,31.79,9.13,162.16,33.86,77.97,19.69,69.23,150.53,155.24,35.2,14.79,63.33,2127.51,-171.71001034728397,0.17835102332722386,-8545.308023273421,221.01703719094124,2022,0,1,70,False,False,False,False,False,False,False,False,False,True,False,-6.549999999999727,508.24000000000024,-28.359999999999673
2022-12-01,32.69,40.09,147.4,31.86,9.2,163.88,34.28,80.54,19.55,69.75,155.11,159.34,35.29,15.13,62.03,2148.64,-258.22493094006313,-8.434463827449719,4251.218235128632,223.21213380428006,2022,0,1,71,False,False,False,False,False,False,False,False,False,False,True,21.129999999999654,498.14999999999986,-10.090000000000373
2023-01-01,33.05,38.81,148.71,31.76,9.4,164.45,35.24,81.57,20.37,70.29,156.31,162.98,35.27,15.7,63.12,2175.85,-502.8896796349509,-17.7849198161735,3965.0640100957244,226.0388531061708,2023,0,1,72,False,False,False,False,False,False,False,False,False,False,False,27.210000000000036,448.4499999999998,-49.700000000000045
2023-02-01,33.35,38.14,149.16,31.82,9.57,163.77,35.42,81.66,24.1,69.98,158.87,163.82,35.31,16.48,61.95,2195.24,-491.629966761433,-24.425721486677958,-32591.328354078054,228.05318927903593,2023,0,1,73,True,False,False,False,False,False,False,False,False,False,False,19.389999999999873,424.3599999999997,-24.090000000000146
2023-03-01,33.44,37.43,151.57,31.98,9.55,163.32,35.9,82.26,31.21,69.42,158.69,165.04,35.52,18.47,63.11,2237.31,116.4527637996689,-24.248147056334943,-36314.652926185634,232.42364429669644,2023,0,1,74,False,True,False,False,False,False,False,False,False,False,False,42.070000000000164,352.75,-71.60999999999967
2023-04-01,33.62,36.99,157.01,31.96,9.49,163.49,35.69,82.58,32.55,68.46,160.29,164.73,35.4,21.91,57.78,2255.65,-65.55318560386695,-18.07557403523481,3600.940563543001,234.3289008934137,2023,0,0,75,False,False,True,False,False,False,False,False,False,False,False,18.340000000000146,363.02,10.269999999999982
2023-05-01,33.72,36.02,160.0,31.53,9.89,163.51,35.66,82.93,39.54,67.38,160.97,166.28,35.27,29.79,44.5,2282.31,82.35189652326153,-22.61039525003875,33715.78558981122,237.09848327446497,2023,0,0,76,False,False,False,True,False,False,False,False,False,False,False,26.659999999999854,370.78,7.759999999999991
2023-06-01,33.71,34.95,163.43,31.12,12.04,163.01,35.78,83.18,42.66,65.77,160.87,165.07,35.31,35.79,42.39,2323.86,345.23334609949416,-22.917225766165856,17375.697156883092,241.41491793060462,2023,0,0,77,False,False,False,False,True,False,False,False,False,False,False,41.55000000000018,320.99000000000024,-49.789999999999736
2023-07-01,33.8,34.04,166.27,30.76,20.25,163.04,36.1,83.14,34.82,65.13,161.97,165.34,35.71,37.06,38.99,2370.81,-252.60210261129214,-10.6035861372077,-3983.2937539214327,246.29233326407646,2023,0,0,78,False,False,False,False,False,True,False,False,False,False,False,46.94999999999982,286.5999999999999,-34.39000000000033
2023-08-01,33.96,33.69,169.14,30.89,12.87,166.25,36.33,83.1,15.32,64.78,162.06,164.81,36.45,31.03,39.02,2253.29,-71.06847251940599,-8.95267910198416,-15986.902527546277,234.08373156035736,2023,0,0,79,False,False,False,False,False,False,True,False,False,False,False,-117.51999999999998,188.55999999999995,-98.03999999999996
2023-09-01,34.11,32.68,171.23,30.41,10.95,167.96,36.23,83.36,10.81,63.8,161.19,165.38,36.89,21.98,44.18,2221.02,-175.4084829510648,-9.810244002183012,2203.710574540615,230.7313525867442,2023,0,0,80,False,False,False,False,False,False,False,True,False,False,False,-32.26999999999998,151.98000000000002,-36.57999999999993
2023-10-01,34.36,31.42,171.94,30.26,10.16,169.06,36.63,85.46,10.07,61.84,161.59,168.54,36.07,20.07,48.75,2224.58,-133.8263227726402,-10.981723939291655,-1556.5290624686604,231.101184292541,2023,0,0,81,False,False,False,False,False,False,False,False,True,False,False,3.5599999999999454,90.51999999999998,-61.460000000000036
2023-11-01,34.62,30.1,171.26,29.8,11.9,171.32,37.09,87.72,10.28,60.43,160.63,174.8,34.53,19.32,49.37,2244.26,-158.57720613401943,-8.082366438456887,-7009.248486825978,233.14564720548515,2023,0,0,82,False,False,False,False,False,False,False,False,False,True,False,19.68000000000029,116.75,26.230000000000018
2023-12-01,34.8,29.12,172.06,29.79,15.13,172.52,37.69,89.18,12.3,59.18,160.63,176.76,33.29,20.49,56.18,2298.98,-690.9353652867667,-5.5497006400923965,1018.9698243631283,238.83025140245172,2023,0,0,83,False,False,False,False,False,False,False,False,False,False,True,54.7199999999998,150.34000000000015,33.590000000000146
2024-01-01,35.06,28.47,171.52,29.89,21.46,171.84,38.15,91.0,15.44,58.89,163.87,181.13,32.23,22.05,51.02,2361.4,-125.58735758308649,0.16867978596383182,-12057.39147451245,245.31477249116972,2024,0,0,84,False,False,False,False,False,False,False,False,False,False,False,62.42000000000007,185.55000000000018,35.210000000000036
2024-02-01,35.22,28.34,171.58,29.95,22.75,171.54,38.7,92.58,15.76,58.33,164.43,185.9,31.43,23.18,49.6,2383.29,-154.0963520684927,3.2160320969173455,19005.38265426671,247.58882194057762,2024,0,0,85,True,False,False,False,False,False,False,False,False,False,False,21.889999999999873,188.05000000000018,2.5
2024-03-01,35.52,28.16,172.16,29.96,22.73,168.54,38.98,93.4,15.11,57.27,165.43,185.06,30.66,23.83,41.54,2370.16,-196.31980556855706,9.122520501501114,27625.836367787342,246.22480781217533,2024,0,0,86,False,True,False,False,False,False,False,False,False,False,False,-13.13000000000011,132.8499999999999,-55.20000000000027
2024-04-01,35.76,27.89,172.63,29.94,22.45,168.4,39.41,94.84,14.78,57.84,168.5,186.29,29.92,24.59,33.45,2364.88,244.95409923006082,19.233009803415896,7131.001668089288,245.6762933721172,2024,0,0,87,False,False,True,False,False,False,False,False,False,False,False,-5.279999999999745,109.23000000000002,-23.61999999999989
2024-05-01,36.02,28.03,174.17,29.84,24.53,168.17,38.65,95.0,21.1,57.98,170.7,185.93,30.07,25.56,28.55,2396.91,59.296843630691,10.362190178269202,-23241.94235724624,249.00373987118218,2024,0,0,88,False,False,False,True,False,False,False,False,False,False,False,32.029999999999745,114.59999999999991,5.369999999999891
2024-06-01,36.45,28.55,172.64,29.8,28.39,166.48,38.73,95.38,24.58,58.76,173.93,187.58,31.04,26.9,32.97,2455.12,-123.72743594238636,4.78096228654627,-5836.438041114947,255.05090380220236,2024,0,0,89,False,False,False,False,True,False,False,False,False,False,False,58.210000000000036,131.25999999999976,16.659999999999854
2024-07-01,37.61,29.24,173.22,30.16,20.08,165.48,39.01,95.82,17.56,60.45,174.13,188.06,34.78,27.83,29.28,2386.19,-100.95885542040196,-9.03506266940687,6757.650251404135,247.89008934136714,2024,0,0,90,False,False,False,False,False,True,False,False,False,False,False,-68.92999999999984,15.38000000000011,-115.87999999999965
2024-08-01,38.6,29.47,175.55,31.35,19.73,167.26,39.4,97.24,19.12,61.52,173.96,189.01,35.66,28.33,31.44,2420.19,-156.0589118032076,-9.396349701930063,-6337.425439229541,251.42218990234778,2024,0,0,91,False,False,False,False,False,False,True,False,False,False,False,34.0,166.9000000000001,151.51999999999998
2024-09-01,39.18,29.89,178.94,32.6,20.67,166.98,40.13,100.74,18.62,62.97,175.55,193.94,35.09,26.47,35.27,2463.23,-91.35827741286266,-8.421433713408277,-4263.09933526555,255.89341367130686,2024,0,0,92,False,False,False,False,False,False,False,True,False,False,False,43.039999999999964,242.21000000000004,75.30999999999995
2024-10-01,39.91,30.72,181.48,32.88,25.85,171.06,41.62,105.56,20.99,65.02,178.69,201.24,33.55,30.31,41.78,2578.98,78.75777765184466,-1.359607903252396,-4298.992050916597,267.91813837523375,2024,0,0,93,False,False,False,False,False,False,False,False,True,False,False,115.75,354.4000000000001,112.19000000000005
2024-11-01,40.75,31.71,182.8,33.33,29.79,170.8,43.71,110.9,23.09,68.6,180.59,209.35,33.12,33.92,65.05,2716.31,3.5009223883789673,0.8662525671357315,4137.4436713571195,282.18470808227715,2024,0,0,94,False,False,False,False,False,False,False,False,False,True,False,137.32999999999993,472.0499999999997,117.64999999999964
2024-12-01,41.83,32.58,184.61,33.77,29.74,173.42,45.64,116.54,24.84,72.73,184.57,217.36,33.16,35.22,64.24,2780.93,378.8621424750054,1.5188887354546239,2242.293401404284,288.89777685435274,2024,0,0,95,False,False,False,False,False,False,False,False,False,False,True,64.61999999999989,481.9499999999998,9.900000000000091
